{
    "level_editor_camera_orientation": [
        -0.7068322896957397,
        -0.5077298283576965,
        0.492539644241333
    ],
    "level_editor_camera_pos": [
        30.923992156982422,
        150.10052490234375,
        -107.58781433105469
    ],
    "startup_level": "res\\level\\lvl_r2_h_jojo.hsfs"
}
