{
    "level_editor_camera_orientation": [
        -0.08948808908462524,
        -0.07558712363243103,
        0.9931155443191528
    ],
    "level_editor_camera_pos": [
        28.10449981689453,
        12.61761474609375,
        -115.55441284179688
    ],
    "startup_level": "res\\level\\lvl_r2_h_jojo.hsfs"
}
