{
    "level_editor_camera_orientation": [
        -0.30154019594192505,
        -0.2637965977191925,
        -0.9162289500236511
    ],
    "level_editor_camera_pos": [
        77.50634002685547,
        358.1961669921875,
        539.0115966796875
    ],
    "startup_level": "res\\level\\lvl_r2_h_jojo.hsfs"
}
