{
    "level_editor_camera_orientation": [
        -0.9250990748405457,
        -0.2681635618209839,
        -0.2688490152359009
    ],
    "level_editor_camera_pos": [
        -23.17473030090332,
        43.4141960144043,
        17.81451416015625
    ],
    "startup_level": "C:\\Users\\Timo\\Documents\\Repositories\\DemoEngine\\TestGUI\\res\\level\\lvl_r2_h_jojo.hsfs"
}
