{
    "level_editor_camera_orientation": [
        0.005767736583948135,
        -0.6050161123275757,
        -0.7961924076080322
    ],
    "level_editor_camera_pos": [
        -16.059404373168945,
        104.50048065185547,
        12.728111267089844
    ],
    "startup_level": "res\\level\\lvl_r2_h_jojo.hsfs"
}
