{
    "level_editor_camera_orientation": [
        0.9231862425804138,
        0.35967105627059937,
        -0.1355135440826416
    ],
    "level_editor_camera_pos": [
        39.27922821044922,
        5.009991645812988,
        1.6416548490524292
    ],
    "startup_level": "res\\level\\lvl_draft_world_map.hsfs"
}
