{
    "level_editor_camera_orientation": [
        -0.8628920316696167,
        -0.31216931343078613,
        -0.3974515199661255
    ],
    "level_editor_camera_pos": [
        13.976908683776855,
        95.715087890625,
        -92.79228210449219
    ],
    "startup_level": "res\\level\\lvl_r2_h_jojo.hsfs"
}
