{
    "level_editor_camera_orientation": [
        -0.264077752828598,
        0.10704664140939713,
        0.9585426449775696
    ],
    "level_editor_camera_pos": [
        -56.58116149902344,
        59.13811111450195,
        -8.310205459594727
    ],
    "startup_level": "res\\level\\lvl_r2_h_jojo.hsfs"
}
