{
    "level_editor_camera_orientation": [
        -0.5401067137718201,
        0.15367618203163147,
        -0.8274469375610352
    ],
    "level_editor_camera_pos": [
        -12.795333862304688,
        5.7397141456604,
        -98.48692321777344
    ],
    "startup_level": "res\\level\\lvl_r2_h_jojo.hsfs"
}
