{
    "level_editor_camera_orientation": [
        -0.0420706532895565,
        0.014895075932145119,
        -0.9988934993743896
    ],
    "level_editor_camera_pos": [
        -38.4183235168457,
        114.2021713256836,
        -10.183817863464355
    ],
    "startup_level": "C:\\Users\\Timo\\Documents\\Repositories\\DemoEngine\\TestGUI\\res\\level\\lvl_r2_h_jojo.hsfs"
}
