{
    "level_editor_camera_orientation": [
        0.4982978105545044,
        -0.1377241164445877,
        -0.8559959530830383
    ],
    "level_editor_camera_pos": [
        -4.132358074188232,
        4.923120498657227,
        9.876399993896484
    ],
    "startup_level": "res\\level\\lvl_r2_h_jojo.hsfs"
}
