{
    "level_editor_camera_orientation": [
        0.1865452080965042,
        -0.013351267203688622,
        0.9823556542396545
    ],
    "level_editor_camera_pos": [
        -68.83943939208984,
        62.75005340576172,
        -7.905872344970703
    ],
    "startup_level": "C:\\Users\\Timo\\Documents\\Repositories\\DemoEngine\\TestGUI\\res\\level\\lvl_r2_h_jojo.hsfs"
}
