{
    "level_editor_camera_orientation": [
        0.6951703429222107,
        -0.30370014905929565,
        0.6515400409698486
    ],
    "level_editor_camera_pos": [
        2.956869125366211,
        19.46100616455078,
        -132.71453857421875
    ],
    "startup_level": "res\\level\\lvl_r2_h_jojo.hsfs"
}
