{
    "level_editor_camera_orientation": [
        0.6672126650810242,
        -0.18875260651111603,
        0.7205550670623779
    ],
    "level_editor_camera_pos": [
        -37.18275451660156,
        94.50909423828125,
        -149.70375061035156
    ],
    "startup_level": "C:\\Users\\Timo\\Documents\\Repositories\\DemoEngine\\TestGUI\\res\\level\\lvl_r2_h_jojo.hsfs"
}
