{
    "level_editor_camera_orientation": [
        0.3805563747882843,
        -0.18201157450675964,
        -0.9066615700721741
    ],
    "level_editor_camera_pos": [
        -19.667818069458008,
        85.34163665771484,
        -94.87953186035156
    ],
    "startup_level": "res\\level\\lvl_r2_h_jojo.hsfs"
}
