{
    "level_editor_camera_orientation": [
        0.8554394841194153,
        -0.26816362142562866,
        -0.44307076930999756
    ],
    "level_editor_camera_pos": [
        -52.27489471435547,
        94.39490509033203,
        -90.57418823242188
    ],
    "startup_level": "res\\level\\lvl_r2_h_jojo.hsfs"
}
