{
    "level_editor_camera_orientation": [
        -0.13129198551177979,
        -0.17854373157024384,
        -0.9751330614089966
    ],
    "level_editor_camera_pos": [
        18.022850036621094,
        15.70631217956543,
        -51.32793426513672
    ],
    "startup_level": "res\\level\\lvl_r2_h_jojo.hsfs"
}
