{
    "level_editor_camera_orientation": [
        -0.9093669056892395,
        -0.41572535037994385,
        -0.01497352123260498
    ],
    "level_editor_camera_pos": [
        53.589805603027344,
        22.703067779541016,
        -3.5851540565490723
    ],
    "startup_level": "res\\level\\lvl_draft_world_map.hsfs"
}
