{
    "level_editor_camera_orientation": [
        0.8812559843063354,
        -0.30793750286102295,
        0.35855597257614136
    ],
    "level_editor_camera_pos": [
        265.97296142578125,
        135.58811950683594,
        7.253843307495117
    ],
    "startup_level": "res\\level\\lvl_draft_world_map.hsfs"
}
