{
    "level_editor_camera_orientation": [
        -0.05758979544043541,
        -0.24090562760829926,
        0.9688384532928467
    ],
    "level_editor_camera_pos": [
        70.28699493408203,
        25.577167510986328,
        -91.77066040039063
    ],
    "startup_level": "res\\level\\lvl_r2_h_jojo.hsfs"
}
