{
    "level_editor_camera_orientation": [
        -0.538860559463501,
        -0.22936956584453583,
        0.8105670213699341
    ],
    "level_editor_camera_pos": [
        -50.599266052246094,
        69.23059844970703,
        -0.7950801849365234
    ],
    "startup_level": "res\\level\\lvl_r2_h_jojo.hsfs"
}
