{
    "level_editor_camera_orientation": [
        -0.5767978429794312,
        -0.18318821489810944,
        -0.7960559725761414
    ],
    "level_editor_camera_pos": [
        13.33048152923584,
        5.895977020263672,
        14.995565414428711
    ],
    "startup_level": "res\\level\\lvl_r2_h_jojo.hsfs"
}
