{
    "level_editor_camera_orientation": [
        -0.7093469500541687,
        -0.2524067759513855,
        0.6581167578697205
    ],
    "level_editor_camera_pos": [
        -33.818214416503906,
        49.922203063964844,
        -17.410194396972656
    ],
    "startup_level": "C:\\Users\\Timo\\Documents\\Repositories\\DemoEngine\\TestGUI\\res\\level\\lvl_r2_h_jojo.hsfs"
}
