{
    "level_editor_camera_orientation": [
        -0.7314218282699585,
        -0.5083498954772949,
        -0.4544181227684021
    ],
    "level_editor_camera_pos": [
        6283.14599609375,
        4081.167236328125,
        4023.191162109375
    ],
    "startup_level": "res\\level\\lvl_r2_h_jojo.hsfs"
}
