{
    "level_editor_camera_orientation": [
        -0.9838040471076965,
        -0.1511550098657608,
        -0.09596488624811172
    ],
    "level_editor_camera_pos": [
        14.772088050842285,
        2.83581805229187,
        -8.771666526794434
    ],
    "startup_level": "C:\\Users\\Timo\\Documents\\Repositories\\DemoEngine\\TestGUI\\res\\level\\lvl_r2_h_jojo.hsfs"
}
