{
    "level_editor_camera_orientation": [
        0.2591187357902527,
        -0.23812539875507355,
        -0.9360278248786926
    ],
    "level_editor_camera_pos": [
        -30.09880828857422,
        114.26213836669922,
        -35.381103515625
    ],
    "startup_level": "res\\level\\lvl_r2_h_jojo.hsfs"
}
