{
    "level_editor_camera_orientation": [
        0.974014401435852,
        -0.19312116503715515,
        0.11832231283187866
    ],
    "level_editor_camera_pos": [
        -12.931236267089844,
        32.14363479614258,
        40.488311767578125
    ],
    "startup_level": "C:\\Users\\Timo\\Documents\\Repositories\\DemoEngine\\TestGUI\\res\\level\\lvl_challenge_6.hsfs"
}
