{
    "level_editor_camera_orientation": [
        -0.8279941082000732,
        -0.3558422327041626,
        0.4333468973636627
    ],
    "level_editor_camera_pos": [
        22.089841842651367,
        31.7323055267334,
        -1.8752381801605225
    ],
    "startup_level": "C:\\Users\\Timo\\Documents\\Repositories\\DemoEngine\\TestGUI\\res\\level\\lvl_r2_h_jojo.hsfs"
}
