{
    "level_editor_camera_orientation": [
        0.9275845289230347,
        -0.36243805289268494,
        0.09069609642028809
    ],
    "level_editor_camera_pos": [
        -86.64505004882813,
        21.223142623901367,
        -84.3671875
    ],
    "startup_level": "res\\level\\lvl_r2_h_jojo.hsfs"
}
