{
    "level_editor_camera_orientation": [
        0.9803820252418518,
        -0.12665796279907227,
        -0.15073229372501373
    ],
    "level_editor_camera_pos": [
        -61.41887664794922,
        190.2100830078125,
        51.705074310302734
    ],
    "startup_level": "C:\\Users\\Timo\\Documents\\Repositories\\DemoEngine\\TestGUI\\res\\level\\lvl_r2_h_jojo.hsfs"
}
