{
    "level_editor_camera_orientation": [
        -0.011458350345492363,
        -0.8165413737297058,
        -0.5771729946136475
    ],
    "level_editor_camera_pos": [
        -23.071273803710938,
        42.84624099731445,
        28.28159523010254
    ],
    "startup_level": "C:\\Users\\Timo\\Documents\\Repositories\\DemoEngine\\TestGUI\\res\\level\\lvl_r2_h_jojo.hsfs"
}
