{
    "level_editor_camera_orientation": [
        0.954068124294281,
        -0.19202591478824615,
        0.2299039214849472
    ],
    "level_editor_camera_pos": [
        -8429.1865234375,
        2127.750244140625,
        -11587.083984375
    ],
    "startup_level": "res\\level\\lvl_r2_h_jojo.hsfs"
}
