{
    "level_editor_camera_orientation": [
        -0.1457863748073578,
        -0.1915411800146103,
        -0.9705953001976013
    ],
    "level_editor_camera_pos": [
        -14.861089706420898,
        85.42009735107422,
        -96.66229248046875
    ],
    "startup_level": "res\\level\\lvl_r2_h_jojo.hsfs"
}
