{
    "level_editor_camera_orientation": [
        -0.6454129219055176,
        -0.2567111849784851,
        -0.7194035053253174
    ],
    "level_editor_camera_pos": [
        -30.71156120300293,
        26.051334381103516,
        24.80864906311035
    ],
    "startup_level": "C:\\Users\\Timo\\Documents\\Repositories\\DemoEngine\\TestGUI\\res\\level\\lvl_r2_h_jojo.hsfs"
}
