{
    "level_editor_camera_orientation": [
        -0.9003764390945435,
        -0.3624389171600342,
        0.24074935913085938
    ],
    "level_editor_camera_pos": [
        12.624397277832031,
        29.223167419433594,
        -3.2772767543792725
    ],
    "startup_level": "res\\level\\lvl_r2_h_jojo.hsfs"
}
