{
    "level_editor_camera_orientation": [
        -0.9864820241928101,
        -0.04152686521410942,
        0.1585206389427185
    ],
    "level_editor_camera_pos": [
        1.4457168579101563,
        19.595806121826172,
        1.5480108261108398
    ],
    "startup_level": "res\\level\\lvl_r2_h_jojo.hsfs"
}
