{
    "level_editor_camera_orientation": [
        -0.19090396165847778,
        -0.3205226957798004,
        -0.927801787853241
    ],
    "level_editor_camera_pos": [
        180.61549377441406,
        24.833078384399414,
        -153.5111083984375
    ],
    "startup_level": "res\\level\\lvl_r2_h_jojo.hsfs"
}
