{
    "level_editor_camera_orientation": [
        -0.025294259190559387,
        -0.2600894570350647,
        -0.9652503132820129
    ],
    "level_editor_camera_pos": [
        -15.138797760009766,
        148.52818298339844,
        97.2228775024414
    ],
    "startup_level": "res\\level\\lvl_r2_h_jojo.hsfs"
}
