{
    "level_editor_camera_orientation": [
        0.9115983843803406,
        -0.2937900722026825,
        0.28753387928009033
    ],
    "level_editor_camera_pos": [
        -52.194740295410156,
        19.16370391845703,
        -125.82453918457031
    ],
    "startup_level": "res\\level\\lvl_r2_h_jojo.hsfs"
}
