{
    "level_editor_camera_orientation": [
        0.3976791501045227,
        -0.31780198216438293,
        0.8607282638549805
    ],
    "level_editor_camera_pos": [
        -72.50531005859375,
        71.8835678100586,
        -12.661823272705078
    ],
    "startup_level": "C:\\Users\\Timo\\Documents\\Repositories\\DemoEngine\\TestGUI\\res\\level\\lvl_r2_h_jojo.hsfs"
}
