{
    "level_editor_camera_orientation": [
        -0.9800058007240295,
        -0.19603285193443298,
        0.03405654430389404
    ],
    "level_editor_camera_pos": [
        41.85747146606445,
        24.23098373413086,
        -47.56058883666992
    ],
    "startup_level": "res\\level\\lvl_r2_h_jojo.hsfs"
}
