{
    "level_editor_camera_orientation": [
        -0.023186957463622093,
        -0.17854511737823486,
        0.983658492565155
    ],
    "level_editor_camera_pos": [
        27.392311096191406,
        15.706354141235352,
        -137.98019409179688
    ],
    "startup_level": "res\\level\\lvl_r2_h_jojo.hsfs"
}
