{
    "level_editor_camera_orientation": [
        -0.24981343746185303,
        -0.438505619764328,
        -0.8632540106773376
    ],
    "level_editor_camera_pos": [
        27.503692626953125,
        212.23988342285156,
        -46.37810516357422
    ],
    "startup_level": "C:\\Users\\Timo\\Documents\\Repositories\\DemoEngine\\TestGUI\\res\\level\\lvl_r2_h_jojo.hsfs"
}
