{
    "level_editor_camera_orientation": [
        -0.9747884273529053,
        -0.16392919421195984,
        0.15137600898742676
    ],
    "level_editor_camera_pos": [
        354.4049072265625,
        126.57123565673828,
        12.547661781311035
    ],
    "startup_level": "res\\level\\lvl_draft_world_map.hsfs"
}
