{
    "level_editor_camera_orientation": [
        0.017573444172739983,
        -0.09244748204946518,
        -0.9955544471740723
    ],
    "level_editor_camera_pos": [
        -16.274126052856445,
        84.1971435546875,
        -94.88877868652344
    ],
    "startup_level": "res\\level\\lvl_r2_h_jojo.hsfs"
}
