{
    "level_editor_camera_orientation": [
        0.5464939475059509,
        0.1463415026664734,
        -0.824577808380127
    ],
    "level_editor_camera_pos": [
        224.33792114257813,
        78.7824478149414,
        114.35322570800781
    ],
    "startup_level": "res\\level\\lvl_draft_world_map.hsfs"
}
