{
    "level_editor_camera_orientation": [
        -0.9813945889472961,
        -0.11949840188026428,
        0.1502823829650879
    ],
    "level_editor_camera_pos": [
        13.692072868347168,
        21.934951782226563,
        -2.0959887504577637
    ],
    "startup_level": "res\\level\\lvl_r2_h_jojo.hsfs"
}
