{
    "level_editor_camera_orientation": [
        -0.24825042486190796,
        -0.36243802309036255,
        0.8983376026153564
    ],
    "level_editor_camera_pos": [
        -30.792877197265625,
        141.22314453125,
        -104.49112701416016
    ],
    "startup_level": "C:\\Users\\Timo\\Documents\\Repositories\\DemoEngine\\TestGUI\\res\\level\\lvl_r2_h_jojo.hsfs"
}
