{
    "level_editor_camera_orientation": [
        0.5242047309875488,
        -0.3262893259525299,
        -0.7864611744880676
    ],
    "level_editor_camera_pos": [
        160.0263671875,
        206.45571899414063,
        317.4958801269531
    ],
    "startup_level": "res\\level\\lvl_draft_world_map.hsfs"
}
