{
    "level_editor_camera_orientation": [
        -0.6986135840415955,
        -0.2992789149284363,
        -0.6498638391494751
    ],
    "level_editor_camera_pos": [
        144.13780212402344,
        69.02714538574219,
        136.59422302246094
    ],
    "startup_level": "C:\\Users\\Timo\\Documents\\Repositories\\DemoEngine\\TestGUI\\res\\level\\lvl_r2_h_jojo.hsfs"
}
