{
    "level_editor_camera_orientation": [
        0.958544135093689,
        -0.0009267762070521712,
        0.2846764326095581
    ],
    "level_editor_camera_pos": [
        -569.282958984375,
        -177.95822143554688,
        407.5391845703125
    ],
    "startup_level": "C:\\Users\\Timo\\Documents\\Repositories\\DemoEngine\\TestGUI\\res\\level\\lvl_r2_h_jojo.hsfs"
}
