{
    "level_editor_camera_orientation": [
        0.4965727925300598,
        -0.02989879995584488,
        -0.867429256439209
    ],
    "level_editor_camera_pos": [
        781.01171875,
        -374.19134521484375,
        512.0711669921875
    ],
    "startup_level": "res\\level\\lvl_r2_h_jojo.hsfs"
}
