{
    "level_editor_camera_orientation": [
        0.6517432332038879,
        -0.5542611479759216,
        -0.5177115201950073
    ],
    "level_editor_camera_pos": [
        131.58847045898438,
        154.0802764892578,
        -243.847900390625
    ],
    "startup_level": "res\\level\\lvl_draft_world_map.hsfs"
}
