{
    "level_editor_camera_orientation": [
        0.5789684057235718,
        -0.2947353720664978,
        0.7602079510688782
    ],
    "level_editor_camera_pos": [
        -45.610774993896484,
        102.12187957763672,
        -44.312347412109375
    ],
    "startup_level": "C:\\Users\\Timo\\Documents\\Repositories\\DemoEngine\\TestGUI\\res\\level\\lvl_challenge_6.hsfs"
}
