{
    "level_editor_camera_orientation": [
        0.3141973614692688,
        -0.18079352378845215,
        -0.9319509863853455
    ],
    "level_editor_camera_pos": [
        -35.7276725769043,
        101.92581939697266,
        436.58538818359375
    ],
    "startup_level": "res\\level\\lvl_r2_h_jojo.hsfs"
}
