{
    "level_editor_camera_orientation": [
        0.6604065299034119,
        -0.3059174716472626,
        0.6857649683952332
    ],
    "level_editor_camera_pos": [
        -76.29432678222656,
        50.80131912231445,
        -20.074045181274414
    ],
    "startup_level": "C:\\Users\\Tristan\\source\\repos\\DemoEngine\\TestGUI\\res\\level\\lvl_challenge_6.hsfs"
}
