{
    "level_editor_camera_orientation": [
        -0.7063412666320801,
        -0.7077466249465942,
        0.012425452470779419
    ],
    "level_editor_camera_pos": [
        38.29322814941406,
        177.4447479248047,
        -76.76595306396484
    ],
    "startup_level": "res\\level\\lvl_r2_h_jojo.hsfs"
}
