{
    "level_editor_camera_orientation": [
        -0.977013885974884,
        -0.09923309087753296,
        0.18867123126983643
    ],
    "level_editor_camera_pos": [
        291.5519714355469,
        125.8919448852539,
        19.700592041015625
    ],
    "startup_level": "res\\level\\lvl_draft_world_map.hsfs"
}
