{
    "level_editor_camera_orientation": [
        -0.26450058817863464,
        -0.3994688093662262,
        0.8777608275413513
    ],
    "level_editor_camera_pos": [
        -13.352333068847656,
        98.33406066894531,
        -38.43042755126953
    ],
    "startup_level": "res\\level\\lvl_r2_h_jojo.hsfs"
}
