{
    "level_editor_camera_orientation": [
        0.8461771011352539,
        -0.46216562390327454,
        0.26527273654937744
    ],
    "level_editor_camera_pos": [
        -178.99456787109375,
        181.2952880859375,
        -10.3765287399292
    ],
    "startup_level": "C:\\Users\\Timo\\Documents\\Repositories\\DemoEngine\\TestGUI\\res\\level\\lvl_r2_h_jojo.hsfs"
}
