{
    "level_editor_camera_orientation": [
        -0.995345413684845,
        -0.045973021537065506,
        -0.08470046520233154
    ],
    "level_editor_camera_pos": [
        19.923072814941406,
        19.729188919067383,
        1.6866939067840576
    ],
    "startup_level": "res\\level\\lvl_r2_h_jojo.hsfs"
}
