{
    "level_editor_camera_orientation": [
        0.054898928850889206,
        -0.28384605050086975,
        0.9572969675064087
    ],
    "level_editor_camera_pos": [
        -1.646967887878418,
        18.865379333496094,
        -28.718910217285156
    ],
    "startup_level": "res\\level\\lvl_draft_1.hsfs"
}
