{
    "level_editor_camera_orientation": [
        -0.6272857189178467,
        -0.5064860582351685,
        -0.591594934463501
    ],
    "level_editor_camera_pos": [
        21.610183715820313,
        25.54458236694336,
        17.75718116760254
    ],
    "startup_level": "C:\\Users\\Timo\\Documents\\Repositories\\DemoEngine\\TestGUI\\res\\level\\lvl_r2_h_jojo.hsfs"
}
