{
    "level_editor_camera_orientation": [
        -0.9616349935531616,
        -0.20620422065258026,
        0.1809362769126892
    ],
    "level_editor_camera_pos": [
        304.6462707519531,
        152.31544494628906,
        20.32345199584961
    ],
    "startup_level": "res\\level\\lvl_draft_world_map.hsfs"
}
