{
    "level_editor_camera_orientation": [
        -0.7195568680763245,
        -0.3693414330482483,
        0.5880687236785889
    ],
    "level_editor_camera_pos": [
        -40.274559020996094,
        73.42974853515625,
        -4.979738235473633
    ],
    "startup_level": "C:\\Users\\Timo\\Documents\\Repositories\\DemoEngine\\TestGUI\\res\\level\\lvl_r2_h_jojo.hsfs"
}
