{
    "level_editor_camera_orientation": [
        -0.8807823061943054,
        -0.3981087803840637,
        -0.2563830614089966
    ],
    "level_editor_camera_pos": [
        26.42346954345703,
        22.293264389038086,
        7.691490173339844
    ],
    "startup_level": "res\\level\\lvl_r2_h_jojo.hsfs"
}
