{
    "level_editor_camera_orientation": [
        -0.17332088947296143,
        -0.1110352873802185,
        0.9785862565040588
    ],
    "level_editor_camera_pos": [
        -52.0436897277832,
        65.68057250976563,
        -21.58837127685547
    ],
    "startup_level": "C:\\Users\\Timo\\Documents\\Repositories\\DemoEngine\\TestGUI\\res\\level\\lvl_r2_h_jojo.hsfs"
}
