{
    "level_editor_camera_orientation": [
        0.4867255389690399,
        -0.09760648012161255,
        -0.8680837750434875
    ],
    "level_editor_camera_pos": [
        -4.132358074188232,
        4.923120498657227,
        9.876399993896484
    ],
    "startup_level": "res\\level\\lvl_r2_h_jojo.hsfs"
}
