{
    "level_editor_camera_orientation": [
        0.745281994342804,
        0.112310029566288,
        -0.657217264175415
    ],
    "level_editor_camera_pos": [
        85.18158721923828,
        188.199951171875,
        52.58635330200195
    ],
    "startup_level": "res\\level\\lvl_draft_world_map.hsfs"
}
