{
    "level_editor_camera_orientation": [
        -0.030965521931648254,
        0.992820143699646,
        -0.1155393123626709
    ],
    "level_editor_camera_pos": [
        337.74951171875,
        -2732.82763671875,
        23.280736923217773
    ],
    "startup_level": "res\\level\\lvl_draft_world_map.hsfs"
}
