{
    "level_editor_camera_orientation": [
        0.6529920101165771,
        0.5480740070343018,
        -0.5227011442184448
    ],
    "level_editor_camera_pos": [
        65.75474548339844,
        -2731.2216796875,
        -101.93502807617188
    ],
    "startup_level": "res\\level\\lvl_r2_h_jojo.hsfs"
}
