{
    "level_editor_camera_orientation": [
        0.7066910266876221,
        -0.25458359718322754,
        -0.6601298451423645
    ],
    "level_editor_camera_pos": [
        -51.01049041748047,
        14.799604415893555,
        -41.3045539855957
    ],
    "startup_level": "res\\level\\dill_hard_on_gpu_40p_cpu_6p_lots_of_lights_95fps.hsfs"
}
