{
    "level_editor_camera_orientation": [
        0.0775516927242279,
        -0.3885612189769745,
        -0.9181532859802246
    ],
    "level_editor_camera_pos": [
        -17.622440338134766,
        99.6823959350586,
        -99.26264953613281
    ],
    "startup_level": "res\\level\\lvl_r2_h_jojo.hsfs"
}
