{
    "level_editor_camera_orientation": [
        -0.18887047469615936,
        -0.4334583878517151,
        0.8811430335044861
    ],
    "level_editor_camera_pos": [
        14979.2783203125,
        235247.359375,
        22628.119140625
    ],
    "startup_level": "C:\\Users\\Timo\\Documents\\Repositories\\DemoEngine\\TestGUI\\res\\level\\lvl_r2_h_jojo.hsfs"
}
