{
    "level_editor_camera_orientation": [
        -0.3278179168701172,
        -0.14838150143623352,
        -0.9330070614814758
    ],
    "level_editor_camera_pos": [
        143.9225311279297,
        149.4860076904297,
        281.6280822753906
    ],
    "startup_level": "C:\\Users\\Timo\\Documents\\Repositories\\DemoEngine\\TestGUI\\res\\level\\lvl_r2_h_jojo.hsfs"
}
