{
    "level_editor_camera_orientation": [
        -0.28359562158584595,
        -0.7509422302246094,
        -0.5963249206542969
    ],
    "level_editor_camera_pos": [
        654.651123046875,
        2643.1494140625,
        631.0175170898438
    ],
    "startup_level": "C:\\Users\\Timo\\Documents\\Repositories\\DemoEngine\\TestGUI\\res\\level\\lvl_r2_h_jojo.hsfs"
}
