{
    "level_editor_camera_orientation": [
        -0.07373891025781631,
        -0.20039460062980652,
        0.9769363403320313
    ],
    "level_editor_camera_pos": [
        4.836980819702148,
        24.361839294433594,
        7.8362579345703125
    ],
    "startup_level": "res\\level\\lvl_challenge_6.hsfs"
}
