{
    "level_editor_camera_orientation": [
        -0.12853817641735077,
        -0.3388209640979767,
        -0.9320293664932251
    ],
    "level_editor_camera_pos": [
        -29.02012062072754,
        11.299945831298828,
        -48.69902038574219
    ],
    "startup_level": "res\\level\\lvl_r2_h_jojo.hsfs"
}
