{
    "level_editor_camera_orientation": [
        0.5989630818367004,
        -0.30926623940467834,
        -0.7385852336883545
    ],
    "level_editor_camera_pos": [
        -218.79791259765625,
        177.5714569091797,
        120.74813842773438
    ],
    "startup_level": "C:\\Users\\Timo\\Documents\\Repositories\\DemoEngine\\TestGUI\\res\\level\\lvl_r2_h_jojo.hsfs"
}
