{
    "level_editor_camera_orientation": [
        0.9465802907943726,
        -0.317799836397171,
        -0.0546717643737793
    ],
    "level_editor_camera_pos": [
        -28.109905242919922,
        88.18690490722656,
        -106.7669677734375
    ],
    "startup_level": "res\\level\\lvl_r2_h_jojo.hsfs"
}
