{
    "level_editor_camera_orientation": [
        0.7781655192375183,
        -0.05634329468011856,
        0.6255269050598145
    ],
    "level_editor_camera_pos": [
        -83.39413452148438,
        64.03981018066406,
        -0.012834548950195313
    ],
    "startup_level": "res\\level\\lvl_r2_h_jojo.hsfs"
}
