{
    "level_editor_camera_orientation": [
        -0.6110297441482544,
        -0.6748387813568115,
        -0.41381046175956726
    ],
    "level_editor_camera_pos": [
        81.95999145507813,
        173.7536163330078,
        -2.0089149475097656
    ],
    "startup_level": "C:\\Users\\Timo\\Documents\\Repositories\\DemoEngine\\TestGUI\\res\\level\\lvl_r2_h_jojo.hsfs"
}
