{
    "level_editor_camera_orientation": [
        -0.2432027906179428,
        -0.21635480225086212,
        0.9455384612083435
    ],
    "level_editor_camera_pos": [
        -47.773277282714844,
        92.84122467041016,
        -90.82559204101563
    ],
    "startup_level": "res\\level\\lvl_r2_h_jojo.hsfs"
}
