{
    "level_editor_camera_orientation": [
        0.283718079328537,
        -0.13017965853214264,
        -0.9500299692153931
    ],
    "level_editor_camera_pos": [
        291.3910827636719,
        150.8365020751953,
        168.0623779296875
    ],
    "startup_level": "res\\level\\lvl_draft_world_map.hsfs"
}
