{
    "level_editor_camera_orientation": [
        -0.9013218283653259,
        -0.20135264098644257,
        -0.3834852874279022
    ],
    "level_editor_camera_pos": [
        468.6797790527344,
        170.336181640625,
        -118.08216857910156
    ],
    "startup_level": "res\\level\\lvl_r2_h_jojo.hsfs"
}
