{
    "level_editor_camera_orientation": [
        0.8280558586120605,
        -0.2898944318294525,
        -0.4798635244369507
    ],
    "level_editor_camera_pos": [
        -311.19281005859375,
        154.17071533203125,
        59.17277145385742
    ],
    "startup_level": "res\\level\\lvl_r2_h_jojo.hsfs"
}
