{
    "level_editor_camera_orientation": [
        0.42946580052375793,
        -0.30557093024253845,
        -0.8498112559318542
    ],
    "level_editor_camera_pos": [
        31.669158935546875,
        105.5432357788086,
        56.77961730957031
    ],
    "startup_level": "res\\level\\lvl_r2_h_jojo.hsfs"
}
