{
    "level_editor_camera_orientation": [
        0.4942670464515686,
        -0.14340582489967346,
        -0.8573998212814331
    ],
    "level_editor_camera_pos": [
        90.64925384521484,
        15.279546737670898,
        82.31149291992188
    ],
    "startup_level": "res\\level\\lvl_draft_world_map.hsfs"
}
