{
    "level_editor_camera_orientation": [
        -0.8574767708778381,
        -0.35135185718536377,
        -0.3758794069290161
    ],
    "level_editor_camera_pos": [
        76.50270080566406,
        19.769651412963867,
        8.940535545349121
    ],
    "startup_level": "res\\level\\lvl_draft_world_map.hsfs"
}
