{
    "level_editor_camera_orientation": [
        0.5190101861953735,
        -0.43852829933166504,
        0.7337038516998291
    ],
    "level_editor_camera_pos": [
        11.048417091369629,
        23.505847930908203,
        -125.21891784667969
    ],
    "startup_level": "res\\level\\lvl_r2_h_jojo.hsfs"
}
