{
    "level_editor_camera_orientation": [
        -0.4196619689464569,
        -0.08393675088882446,
        -0.9037789702415466
    ],
    "level_editor_camera_pos": [
        7.286987781524658,
        5.844208240509033,
        15.009979248046875
    ],
    "startup_level": "res\\level\\lvl_r2_h_jojo.hsfs"
}
