{
    "level_editor_camera_orientation": [
        0.4313915967941284,
        -0.2567112445831299,
        -0.8648701906204224
    ],
    "level_editor_camera_pos": [
        -31.315542221069336,
        94.05133819580078,
        9.598329544067383
    ],
    "startup_level": "res\\level\\lvl_r2_h_jojo.hsfs"
}
