{
    "level_editor_camera_orientation": [
        -0.20103910565376282,
        -0.22503608465194702,
        0.953384518623352
    ],
    "level_editor_camera_pos": [
        305.138916015625,
        127.0840072631836,
        -107.55081176757813
    ],
    "startup_level": "res\\level\\lvl_draft_world_map.hsfs"
}
