{
    "level_editor_camera_orientation": [
        -0.4984451234340668,
        -0.21200673282146454,
        0.8405983448028564
    ],
    "level_editor_camera_pos": [
        301.2421569824219,
        155.28253173828125,
        0.2519378662109375
    ],
    "startup_level": "res\\level\\lvl_draft_world_map.hsfs"
}
