{
    "level_editor_camera_orientation": [
        -0.4566577672958374,
        -0.7473923563957214,
        -0.48256421089172363
    ],
    "level_editor_camera_pos": [
        1455.062744140625,
        1051.9013671875,
        -208.9247283935547
    ],
    "startup_level": "res\\level\\lvl_draft_1.hsfs"
}
