{
    "level_editor_camera_orientation": [
        -0.5361785292625427,
        -0.2866929769515991,
        0.7939267754554749
    ],
    "level_editor_camera_pos": [
        -123.95851135253906,
        1040.144287109375,
        -464.1413269042969
    ],
    "startup_level": "res\\level\\lvl_draft_1.hsfs"
}
