{
    "level_editor_camera_orientation": [
        0.8807238936424255,
        -0.37071922421455383,
        -0.2947758436203003
    ],
    "level_editor_camera_pos": [
        -57.49700927734375,
        89.47157287597656,
        27.219419479370117
    ],
    "startup_level": "res\\level\\lvl_r2_h_jojo.hsfs"
}
