{
    "level_editor_camera_orientation": [
        0.09632605314254761,
        -0.5990941524505615,
        0.794863224029541
    ],
    "level_editor_camera_pos": [
        -34.17232894897461,
        29.35099220275879,
        -13.522552490234375
    ],
    "startup_level": "res\\level\\lvl_r2_h_jojo.hsfs"
}
