{
    "level_editor_camera_orientation": [
        -0.7923443913459778,
        -0.1610007882118225,
        0.5884463787078857
    ],
    "level_editor_camera_pos": [
        7.740732192993164,
        91.18002319335938,
        -124.15985870361328
    ],
    "startup_level": "res\\level\\lvl_r2_h_jojo.hsfs"
}
