{
    "level_editor_camera_orientation": [
        0.12638115882873535,
        -0.2470521777868271,
        0.9607070088386536
    ],
    "level_editor_camera_pos": [
        -77.44536590576172,
        246.51832580566406,
        -143.12669372558594
    ],
    "startup_level": "C:\\Users\\Timo\\Documents\\Repositories\\DemoEngine\\TestGUI\\res\\level\\lvl_challenge_6.hsfs"
}
