{
    "level_editor_camera_orientation": [
        -0.9251657724380493,
        -0.36243802309036255,
        0.11272543668746948
    ],
    "level_editor_camera_pos": [
        -16.966917037963867,
        29.2226505279541,
        11.769408226013184
    ],
    "startup_level": "C:\\Users\\Timo\\Documents\\Repositories\\DemoEngine\\TestGUI\\res\\level\\lvl_r2_h_jojo.hsfs"
}
