{
    "level_editor_camera_orientation": [
        -0.4215318262577057,
        -0.13693295419216156,
        -0.8964030146598816
    ],
    "level_editor_camera_pos": [
        6.45889139175415,
        5.6785807609558105,
        13.226598739624023
    ],
    "startup_level": "res\\level\\lvl_r2_h_jojo.hsfs"
}
