{
    "level_editor_camera_orientation": [
        -0.36688855290412903,
        0.11898655444383621,
        0.9226124882698059
    ],
    "level_editor_camera_pos": [
        6.088634014129639,
        15.361968994140625,
        -18.52100372314453
    ],
    "startup_level": "C:\\Users\\Timothy\\source\\repos\\DemoEngine\\TestGUI\\res\\level\\lvl_r2_h_jojo.hsfs"
}
