{
    "level_editor_camera_orientation": [
        0.9234679937362671,
        -0.3471810817718506,
        -0.1633164882659912
    ],
    "level_editor_camera_pos": [
        -45.10034942626953,
        96.76543426513672,
        -12.908775329589844
    ],
    "startup_level": "res\\level\\lvl_r2_h_jojo.hsfs"
}
