{
    "level_editor_camera_orientation": [
        -0.0375133752822876,
        -0.14927653968334198,
        -0.9880834817886353
    ],
    "level_editor_camera_pos": [
        337.92236328125,
        126.41740417480469,
        71.3115234375
    ],
    "startup_level": "res\\level\\lvl_draft_world_map.hsfs"
}
