{
    "level_editor_camera_orientation": [
        -0.051423825323581696,
        -0.19020909070968628,
        -0.9803957939147949
    ],
    "level_editor_camera_pos": [
        -16.617145538330078,
        24.056272506713867,
        26.458520889282227
    ],
    "startup_level": "C:\\Users\\Timo\\Documents\\Repositories\\DemoEngine\\TestGUI\\res\\level\\lvl_r2_h_jojo.hsfs"
}
