{
    "level_editor_camera_orientation": [
        0.8915940523147583,
        -0.11545749008655548,
        0.4378693699836731
    ],
    "level_editor_camera_pos": [
        -10.258058547973633,
        29.813724517822266,
        26.397136688232422
    ],
    "startup_level": "res\\level\\lvl_challenge_6.hsfs"
}
