{
    "level_editor_camera_orientation": [
        -0.9752225279808044,
        -0.2091064602136612,
        -0.07221722602844238
    ],
    "level_editor_camera_pos": [
        -5.325202941894531,
        24.623193740844727,
        -164.022216796875
    ],
    "startup_level": "res\\level\\lvl_r2_h_jojo.hsfs"
}
