{
    "level_editor_camera_orientation": [
        0.03517906367778778,
        -0.2866904139518738,
        0.9573771953582764
    ],
    "level_editor_camera_pos": [
        -23.345457077026367,
        18.950714111328125,
        -96.30426025390625
    ],
    "startup_level": "res\\level\\lvl_r2_h_jojo.hsfs"
}
