{
    "level_editor_camera_orientation": [
        -0.664664626121521,
        -0.23658418655395508,
        -0.7086950540542603
    ],
    "level_editor_camera_pos": [
        -16.6995792388916,
        17.447525024414063,
        -54.4161491394043
    ],
    "startup_level": "res\\level\\lvl_r2_h_jojo.hsfs"
}
