{
    "level_editor_camera_orientation": [
        -0.24836423993110657,
        -0.4458825886249542,
        -0.8598598837852478
    ],
    "level_editor_camera_pos": [
        -18.003684997558594,
        86.63150024414063,
        -94.90088653564453
    ],
    "startup_level": "res\\level\\lvl_r2_h_jojo.hsfs"
}
