{
    "level_editor_camera_orientation": [
        0.017362989485263824,
        -0.19166509807109833,
        0.981306791305542
    ],
    "level_editor_camera_pos": [
        -11.893730163574219,
        92.0999526977539,
        -129.82949829101563
    ],
    "startup_level": "res\\level\\lvl_r2_h_jojo.hsfs"
}
