{
    "level_editor_camera_orientation": [
        0.8763877153396606,
        -0.48068276047706604,
        0.029815256595611572
    ],
    "level_editor_camera_pos": [
        -41.820953369140625,
        32.770484924316406,
        0.2187044620513916
    ],
    "startup_level": "C:\\Users\\Timo\\Documents\\Repositories\\DemoEngine\\TestGUI\\res\\level\\lvl_r2_h_jojo.hsfs"
}
