{
    "level_editor_camera_orientation": [
        -0.7947599291801453,
        -0.06556560844182968,
        -0.6033358573913574
    ],
    "level_editor_camera_pos": [
        367.2782287597656,
        -9.910138130187988,
        -223.95175170898438
    ],
    "startup_level": "C:\\Users\\Timo\\Documents\\Repositories\\DemoEngine\\TestGUI\\res\\level\\lvl_r2_h_jojo.hsfs"
}
