{
    "level_editor_camera_orientation": [
        -0.09320413321256638,
        -0.38171568512916565,
        -0.9195685386657715
    ],
    "level_editor_camera_pos": [
        -16.43890953063965,
        97.80146789550781,
        -35.805416107177734
    ],
    "startup_level": "C:\\Users\\Timo\\Documents\\Repositories\\DemoEngine\\TestGUI\\res\\level\\lvl_r2_h_jojo.hsfs"
}
