{
    "level_editor_camera_orientation": [
        0.3809534013271332,
        -0.06339503824710846,
        -0.922275185585022
    ],
    "level_editor_camera_pos": [
        183.3108673095703,
        140.44512939453125,
        349.6906433105469
    ],
    "startup_level": "res\\level\\lvl_draft_world_map.hsfs"
}
