{
    "level_editor_camera_orientation": [
        -0.15081115067005157,
        -0.4780791699886322,
        0.8652724027633667
    ],
    "level_editor_camera_pos": [
        60.723854064941406,
        32.69188690185547,
        50.60702896118164
    ],
    "startup_level": "res\\level\\lvl_r2_h_jojo.hsfs"
}
