{
    "level_editor_camera_orientation": [
        -0.641735315322876,
        -0.34578967094421387,
        -0.6845473051071167
    ],
    "level_editor_camera_pos": [
        -90.63676452636719,
        1041.425048828125,
        -326.4312438964844
    ],
    "startup_level": "res\\level\\lvl_draft_1.hsfs"
}
