{
    "level_editor_camera_orientation": [
        -0.6866486072540283,
        -0.09923278540372849,
        0.7201851606369019
    ],
    "level_editor_camera_pos": [
        -39.85682678222656,
        45.32698059082031,
        -24.014972686767578
    ],
    "startup_level": "C:\\Users\\Timo\\Documents\\Repositories\\DemoEngine\\TestGUI\\res\\level\\lvl_r2_h_jojo.hsfs"
}
