{
    "level_editor_camera_orientation": [
        0.26873648166656494,
        -0.3290309011936188,
        0.9052730798721313
    ],
    "level_editor_camera_pos": [
        70.64656829833984,
        4.7187089920043945,
        -25.509824752807617
    ],
    "startup_level": "res\\level\\lvl_draft_world_map.hsfs"
}
