{
    "level_editor_camera_orientation": [
        -0.4998351037502289,
        0.1727023422718048,
        -0.8487279415130615
    ],
    "level_editor_camera_pos": [
        -0.0865325927734375,
        51.18799591064453,
        -19.63702392578125
    ],
    "startup_level": "res\\level\\lvl_r2_h_jojo.hsfs"
}
