{
    "level_editor_camera_orientation": [
        -0.4789190888404846,
        -0.2724502384662628,
        -0.8345102071762085
    ],
    "level_editor_camera_pos": [
        -28.57089614868164,
        138.5235137939453,
        -84.55176544189453
    ],
    "startup_level": "res\\level\\lvl_r2_h_jojo.hsfs"
}
