{
    "level_editor_camera_orientation": [
        0.45383420586586,
        -0.20300045609474182,
        -0.8676552176475525
    ],
    "level_editor_camera_pos": [
        -4.132358074188232,
        4.923120498657227,
        9.876399993896484
    ],
    "startup_level": "res\\level\\lvl_r2_h_jojo.hsfs"
}
