{
    "level_editor_camera_orientation": [
        -0.9133278131484985,
        -0.0222519189119339,
        -0.40661633014678955
    ],
    "level_editor_camera_pos": [
        13.956833839416504,
        87.0175552368164,
        -83.87530517578125
    ],
    "startup_level": "res\\level\\lvl_r2_h_jojo.hsfs"
}
