{
    "level_editor_camera_orientation": [
        0.732681155204773,
        -0.12429392337799072,
        0.6691257953643799
    ],
    "level_editor_camera_pos": [
        41.610660552978516,
        1024.3167724609375,
        -391.4865417480469
    ],
    "startup_level": "res\\level\\lvl_draft_1.hsfs"
}
