{
    "level_editor_camera_orientation": [
        -0.2941725552082062,
        -0.3403639495372772,
        0.8930719494819641
    ],
    "level_editor_camera_pos": [
        -1218.9739990234375,
        99.43537902832031,
        2198.173095703125
    ],
    "startup_level": "res\\level\\lvl_r2_h_jojo.hsfs"
}
