{
    "level_editor_camera_orientation": [
        -0.890813946723938,
        -0.3792196810245514,
        0.25028207898139954
    ],
    "level_editor_camera_pos": [
        419.6405029296875,
        156.85604858398438,
        56.65973663330078
    ],
    "startup_level": "res\\level\\lvl_draft_world_map.hsfs"
}
