{
    "level_editor_camera_orientation": [
        0.556763231754303,
        -0.2870227098464966,
        0.7795042991638184
    ],
    "level_editor_camera_pos": [
        -57.54651641845703,
        467.0004577636719,
        52.458709716796875
    ],
    "startup_level": "res\\level\\lvl_r2_h_jojo.hsfs"
}
