{
    "level_editor_camera_orientation": [
        0.589914858341217,
        -0.41208624839782715,
        -0.6943838000297546
    ],
    "level_editor_camera_pos": [
        115.38729858398438,
        340.34124755859375,
        239.8229522705078
    ],
    "startup_level": "res\\level\\lvl_draft_world_map.hsfs"
}
