{
    "level_editor_camera_orientation": [
        0.08430470526218414,
        -0.29945850372314453,
        0.9503774642944336
    ],
    "level_editor_camera_pos": [
        337.7119445800781,
        156.16770935058594,
        -4.32945442199707
    ],
    "startup_level": "res\\level\\lvl_draft_world_map.hsfs"
}
