{
    "level_editor_camera_orientation": [
        0.4757257103919983,
        -0.17761708796024323,
        -0.8614737391471863
    ],
    "level_editor_camera_pos": [
        -4.132358074188232,
        4.923120498657227,
        9.876399993896484
    ],
    "startup_level": "res\\level\\lvl_r2_h_jojo.hsfs"
}
