{
    "level_editor_camera_orientation": [
        -0.9324921369552612,
        -0.36016470193862915,
        0.02562580443918705
    ],
    "level_editor_camera_pos": [
        30.057979583740234,
        104.83401489257813,
        -101.88168334960938
    ],
    "startup_level": "res\\level\\lvl_r2_h_jojo.hsfs"
}
