{
    "level_editor_camera_orientation": [
        0.4913046658039093,
        -0.1887379139661789,
        -0.8502922654151917
    ],
    "level_editor_camera_pos": [
        -4.132358074188232,
        4.923120498657227,
        9.876399993896484
    ],
    "startup_level": "res\\level\\lvl_r2_h_jojo.hsfs"
}
