{
    "level_editor_camera_orientation": [
        0.6313281655311584,
        -0.34443017840385437,
        0.6948128938674927
    ],
    "level_editor_camera_pos": [
        -130.63783264160156,
        112.9349365234375,
        -371.13104248046875
    ],
    "startup_level": "C:\\Users\\Timo\\Documents\\Repositories\\DemoEngine\\TestGUI\\res\\level\\lvl_r2_h_jojo.hsfs"
}
