{
    "level_editor_camera_orientation": [
        -0.4688333570957184,
        -0.36243805289268494,
        0.8055022954940796
    ],
    "level_editor_camera_pos": [
        -22.001848220825195,
        141.22314453125,
        -134.02304077148438
    ],
    "startup_level": "C:\\Users\\Timo\\Documents\\Repositories\\DemoEngine\\TestGUI\\res\\level\\lvl_r2_h_jojo.hsfs"
}
