{
    "level_editor_camera_orientation": [
        0.8433008193969727,
        -0.45524564385414124,
        0.28559646010398865
    ],
    "level_editor_camera_pos": [
        -100.8440170288086,
        107.18390655517578,
        -22.183565139770508
    ],
    "startup_level": "C:\\Users\\Timo\\Documents\\Repositories\\DemoEngine\\TestGUI\\res\\level\\lvl_challenge_6.hsfs"
}
