{
    "level_editor_camera_orientation": [
        -0.9495012760162354,
        -0.18344014883041382,
        0.25454890727996826
    ],
    "level_editor_camera_pos": [
        77.6788330078125,
        138.2119598388672,
        -7.965513706207275
    ],
    "startup_level": "C:\\Users\\Timo\\Documents\\Repositories\\DemoEngine\\TestGUI\\res\\level\\lvl_r2_h_jojo.hsfs"
}
