{
    "level_editor_camera_orientation": [
        0.7887123823165894,
        -0.4425238370895386,
        -0.42673802375793457
    ],
    "level_editor_camera_pos": [
        -26.54745101928711,
        23.625717163085938,
        -84.4306411743164
    ],
    "startup_level": "res\\level\\lvl_r2_h_jojo.hsfs"
}
