{
    "level_editor_camera_orientation": [
        -0.004627359099686146,
        -0.30087289214134216,
        -0.9536532163619995
    ],
    "level_editor_camera_pos": [
        -73.09423828125,
        27.37618637084961,
        -92.29585266113281
    ],
    "startup_level": "res\\level\\lvl_r2_h_jojo.hsfs"
}
