{
    "level_editor_camera_orientation": [
        0.26136526465415955,
        -0.024853955954313278,
        -0.9648846983909607
    ],
    "level_editor_camera_pos": [
        -5.5156569480896,
        5.5770583152771,
        15.59092903137207
    ],
    "startup_level": "res\\level\\lvl_r2_h_jojo.hsfs"
}
