{
    "level_editor_camera_orientation": [
        -0.03427748754620552,
        -0.376568078994751,
        0.9257381558418274
    ],
    "level_editor_camera_pos": [
        78.32874298095703,
        458.54345703125,
        -697.8500366210938
    ],
    "startup_level": "res\\level\\lvl_r2_h_jojo.hsfs"
}
