{
    "level_editor_camera_orientation": [
        0.9327335357666016,
        -0.09278016537427902,
        0.34841153025627136
    ],
    "level_editor_camera_pos": [
        -45.228450775146484,
        9.705925941467285,
        -40.32966232299805
    ],
    "startup_level": "res\\level\\lvl_draft_world_map.hsfs"
}
