{
    "level_editor_camera_orientation": [
        0.8140066266059875,
        -0.2380252480506897,
        -0.5298463106155396
    ],
    "level_editor_camera_pos": [
        125.6223373413086,
        -46.50638961791992,
        41.924644470214844
    ],
    "startup_level": "res\\level\\lvl_draft_world_map.hsfs"
}
