{
    "level_editor_camera_orientation": [
        0.054721295833587646,
        0.99619460105896,
        -0.06783592700958252
    ],
    "level_editor_camera_pos": [
        -180.62322998046875,
        1031.111572265625,
        -383.0698547363281
    ],
    "startup_level": "res\\level\\lvl_draft_1.hsfs"
}
