{
    "level_editor_camera_orientation": [
        -0.3968651592731476,
        -0.3624258041381836,
        -0.8432945013046265
    ],
    "level_editor_camera_pos": [
        -31.424362182617188,
        88.65569305419922,
        -63.466758728027344
    ],
    "startup_level": "C:\\Users\\Timo\\Documents\\Repositories\\DemoEngine\\TestGUI\\res\\level\\lvl_r2_h_jojo.hsfs"
}
