{
    "level_editor_camera_orientation": [
        -0.3373359441757202,
        -0.41614824533462524,
        -0.8443520665168762
    ],
    "level_editor_camera_pos": [
        15.31145191192627,
        163.15379333496094,
        -26.33145523071289
    ],
    "startup_level": "C:\\Users\\Timo\\Documents\\Repositories\\DemoEngine\\TestGUI\\res\\level\\lvl_r2_h_jojo.hsfs"
}
