{
    "level_editor_camera_orientation": [
        0.5224699378013611,
        -0.17602650821208954,
        -0.8342902064323425
    ],
    "level_editor_camera_pos": [
        -4.132358074188232,
        4.923120498657227,
        9.876399993896484
    ],
    "startup_level": "res\\level\\lvl_r2_h_jojo.hsfs"
}
