{
    "level_editor_camera_orientation": [
        -0.23968426883220673,
        -0.2182655781507492,
        0.9459818601608276
    ],
    "level_editor_camera_pos": [
        12.81522274017334,
        172.99307250976563,
        -256.4731750488281
    ],
    "startup_level": "res\\level\\lvl_r2_h_jojo.hsfs"
}
