{
    "level_editor_camera_orientation": [
        0.2610955238342285,
        -0.28527024388313293,
        0.922198474407196
    ],
    "level_editor_camera_pos": [
        -19.19146156311035,
        94.90216064453125,
        -126.96159362792969
    ],
    "startup_level": "res\\level\\lvl_r2_h_jojo.hsfs"
}
