{
    "level_editor_camera_orientation": [
        0.5156765580177307,
        -0.09037041664123535,
        0.8520039916038513
    ],
    "level_editor_camera_pos": [
        70.79694366455078,
        -2.813032388687134,
        -23.553226470947266
    ],
    "startup_level": "res\\level\\lvl_draft_world_map.hsfs"
}
