{
    "level_editor_camera_orientation": [
        -0.49748265743255615,
        -0.3471813499927521,
        0.7949692010879517
    ],
    "level_editor_camera_pos": [
        -45.64980697631836,
        72.76495361328125,
        -4.125162124633789
    ],
    "startup_level": "C:\\Users\\Timo\\Documents\\Repositories\\DemoEngine\\TestGUI\\res\\level\\lvl_r2_h_jojo.hsfs"
}
