{
    "level_editor_camera_orientation": [
        -0.0856926292181015,
        -0.022252079099416733,
        -0.9960730075836182
    ],
    "level_editor_camera_pos": [
        -36.25788879394531,
        11.017561912536621,
        -96.04347229003906
    ],
    "startup_level": "res\\level\\lvl_r2_h_jojo.hsfs"
}
