{
    "level_editor_camera_orientation": [
        -0.5880777835845947,
        -0.4950684905052185,
        -0.639586329460144
    ],
    "level_editor_camera_pos": [
        -10.217021942138672,
        18.23184585571289,
        43.273643493652344
    ],
    "startup_level": "C:\\Users\\Tristan\\source\\repos\\DemoEngine\\TestGUI\\res\\level\\lvl_challenge_6.hsfs"
}
