{
    "level_editor_camera_orientation": [
        0.7363337874412537,
        0.47938069701194763,
        -0.47750043869018555
    ],
    "level_editor_camera_pos": [
        -14.245368003845215,
        -20909.19921875,
        -6.793788909912109
    ],
    "startup_level": "C:\\Users\\Timo\\Documents\\Repositories\\DemoEngine\\TestGUI\\res\\level\\lvl_r2_h_jojo.hsfs"
}
