{
    "level_editor_camera_orientation": [
        -0.5906874537467957,
        0.7353700995445251,
        -0.33192700147628784
    ],
    "level_editor_camera_pos": [
        1339.76318359375,
        -1153.3922119140625,
        641.7145385742188
    ],
    "startup_level": "res\\level\\lvl_draft_world_map.hsfs"
}
