{
    "level_editor_camera_orientation": [
        0.038220420479774475,
        -0.16831666231155396,
        0.984991729259491
    ],
    "level_editor_camera_pos": [
        278.2769775390625,
        126.6173324584961,
        66.21743774414063
    ],
    "startup_level": "res\\level\\lvl_draft_world_map.hsfs"
}
