{
    "level_editor_camera_orientation": [
        -0.29141128063201904,
        0.2943972051143646,
        0.9101701974868774
    ],
    "level_editor_camera_pos": [
        45.032798767089844,
        -176336.21875,
        53.78448486328125
    ],
    "startup_level": "C:\\Users\\Timo\\Documents\\Repositories\\DemoEngine\\TestGUI\\res\\level\\lvl_r2_h_jojo.hsfs"
}
