{
    "level_editor_camera_orientation": [
        0.9590844511985779,
        -0.2802131772041321,
        0.03580465540289879
    ],
    "level_editor_camera_pos": [
        -46.72914505004883,
        98.86100769042969,
        -110.80487823486328
    ],
    "startup_level": "C:\\Users\\Timo\\Documents\\Repositories\\DemoEngine\\TestGUI\\res\\level\\lvl_r2_h_jojo.hsfs"
}
