{
    "level_editor_camera_orientation": [
        -0.8118883967399597,
        -0.3934140205383301,
        0.43130648136138916
    ],
    "level_editor_camera_pos": [
        67.07257843017578,
        139.89002990722656,
        -116.15270233154297
    ],
    "startup_level": "res\\level\\lvl_r2_h_jojo.hsfs"
}
