{
    "level_editor_camera_orientation": [
        -0.5918988585472107,
        -0.3789713382720947,
        0.7113624811172485
    ],
    "level_editor_camera_pos": [
        -23.75358772277832,
        25.444293975830078,
        -7.051472187042236
    ],
    "startup_level": "res\\level\\lvl_r2_h_jojo.hsfs"
}
