{
    "level_editor_camera_orientation": [
        -0.46351131796836853,
        -0.3502625524997711,
        0.8138721585273743
    ],
    "level_editor_camera_pos": [
        -4993.1416015625,
        3116.4697265625,
        705.4913940429688
    ],
    "startup_level": "res\\level\\lvl_draft_1.hsfs"
}
