{
    "level_editor_camera_orientation": [
        -0.9121169447898865,
        -0.3871932625770569,
        -0.1346266269683838
    ],
    "level_editor_camera_pos": [
        0.17382049560546875,
        29.965797424316406,
        14.96229076385498
    ],
    "startup_level": "C:\\Users\\Timo\\Documents\\Repositories\\DemoEngine\\TestGUI\\res\\level\\lvl_r2_h_jojo.hsfs"
}
