{
    "level_editor_camera_orientation": [
        -0.7409731149673462,
        -0.5284126400947571,
        -0.4144023358821869
    ],
    "level_editor_camera_pos": [
        38.85420608520508,
        43.655120849609375,
        30.810081481933594
    ],
    "startup_level": "C:\\Users\\Timo\\Documents\\Repositories\\DemoEngine\\TestGUI\\res\\level\\lvl_r2_h_jojo.hsfs"
}
