{
    "level_editor_camera_orientation": [
        -0.18030056357383728,
        -0.13459143042564392,
        -0.9743596315383911
    ],
    "level_editor_camera_pos": [
        4.538225173950195,
        14.38774299621582,
        -61.58097839355469
    ],
    "startup_level": "res\\level\\lvl_r2_h_jojo.hsfs"
}
