{
    "level_editor_camera_orientation": [
        0.5931553244590759,
        -0.13612322509288788,
        -0.7934963703155518
    ],
    "level_editor_camera_pos": [
        -4.132358074188232,
        4.923120498657227,
        9.876399993896484
    ],
    "startup_level": "res\\level\\lvl_r2_h_jojo.hsfs"
}
