{
    "level_editor_camera_orientation": [
        -0.3108065724372864,
        -0.6755894422531128,
        -0.6683294773101807
    ],
    "level_editor_camera_pos": [
        -269.884765625,
        68.86968231201172,
        -284.1848449707031
    ],
    "startup_level": "C:\\Users\\Timo\\Documents\\Repositories\\DemoEngine\\TestGUI\\res\\level\\lvl_r2_h_jojo.hsfs"
}
