{
    "level_editor_camera_orientation": [
        0.499235600233078,
        -0.217219740152359,
        -0.8387942314147949
    ],
    "level_editor_camera_pos": [
        -13.1764497756958,
        10.900162696838379,
        22.540550231933594
    ],
    "startup_level": "res\\level\\lvl_r2_h_jojo.hsfs"
}
