{
    "level_editor_camera_orientation": [
        0.7118422985076904,
        -0.5407310128211975,
        -0.4482000768184662
    ],
    "level_editor_camera_pos": [
        -81.87608337402344,
        174.52728271484375,
        190.9241485595703
    ],
    "startup_level": "res\\level\\lvl_draft_world_map.hsfs"
}
