{
    "level_editor_camera_orientation": [
        -0.9489220380783081,
        -0.3093486428260803,
        -0.062052011489868164
    ],
    "level_editor_camera_pos": [
        -16.801494598388672,
        27.630456924438477,
        -163.60064697265625
    ],
    "startup_level": "res\\level\\lvl_r2_h_jojo.hsfs"
}
