{
    "level_editor_camera_orientation": [
        -0.8970438241958618,
        -0.44119149446487427,
        -0.025736331939697266
    ],
    "level_editor_camera_pos": [
        2320.77001953125,
        2107.739990234375,
        -2565.343017578125
    ],
    "startup_level": "res\\level\\lvl_draft_1.hsfs"
}
