{
    "level_editor_camera_orientation": [
        0.7817897796630859,
        -0.193121999502182,
        0.5928816795349121
    ],
    "level_editor_camera_pos": [
        269.5174865722656,
        126.87777709960938,
        13.443084716796875
    ],
    "startup_level": "res\\level\\lvl_draft_world_map.hsfs"
}
