{
    "level_editor_camera_orientation": [
        0.6817963123321533,
        -0.2031131088733673,
        -0.7027406692504883
    ],
    "level_editor_camera_pos": [
        -666.7926635742188,
        159.8251953125,
        -44.013736724853516
    ],
    "startup_level": "C:\\Users\\Timo\\Documents\\Repositories\\DemoEngine\\TestGUI\\res\\level\\lvl_r2_h_jojo.hsfs"
}
