{
    "level_editor_camera_orientation": [
        -0.9117107391357422,
        0.22648102045059204,
        -0.34276819229125977
    ],
    "level_editor_camera_pos": [
        186.79281616210938,
        -669.7565307617188,
        29.454442977905273
    ],
    "startup_level": "res\\level\\lvl_draft_world_map.hsfs"
}
