{
    "level_editor_camera_orientation": [
        -0.781844437122345,
        -0.4008289873600006,
        0.47755128145217896
    ],
    "level_editor_camera_pos": [
        11.12056827545166,
        30.374868392944336,
        24.987621307373047
    ],
    "startup_level": "C:\\Users\\Timo\\Documents\\Repositories\\DemoEngine\\TestGUI\\res\\level\\lvl_challenge_6.hsfs"
}
