{
    "level_editor_camera_orientation": [
        -0.25660568475723267,
        -0.5016956329345703,
        0.8260961174964905
    ],
    "level_editor_camera_pos": [
        6.088634014129639,
        15.361968994140625,
        -18.52100372314453
    ],
    "startup_level": "C:\\Users\\Timothy\\source\\repos\\DemoEngine\\TestGUI\\res\\level\\lvl_r2_h_jojo.hsfs"
}
