{
    "level_editor_camera_orientation": [
        0.7996711134910583,
        -0.3926578462123871,
        -0.4542529582977295
    ],
    "level_editor_camera_pos": [
        248.29144287109375,
        174.57447814941406,
        35.46260070800781
    ],
    "startup_level": "res\\level\\lvl_draft_world_map.hsfs"
}
