{
    "level_editor_camera_orientation": [
        0.3798193335533142,
        0.35770440101623535,
        0.8530899882316589
    ],
    "level_editor_camera_pos": [
        -71.850341796875,
        115.73460388183594,
        -218.1248016357422
    ],
    "startup_level": "res\\level\\lvl_r2_h_jojo.hsfs"
}
