{
    "level_editor_camera_orientation": [
        -0.9693173766136169,
        -0.2455315887928009,
        -0.011815443634986877
    ],
    "level_editor_camera_pos": [
        30.237689971923828,
        16.897186279296875,
        -6.967187404632568
    ],
    "startup_level": "C:\\Users\\Timo\\Documents\\Repositories\\DemoEngine\\TestGUI\\res\\level\\lvl_r2_h_jojo.hsfs"
}
