{
    "level_editor_camera_orientation": [
        -0.5342736840248108,
        -0.03882342576980591,
        -0.8444007039070129
    ],
    "level_editor_camera_pos": [
        354.0515441894531,
        147.14108276367188,
        91.6951904296875
    ],
    "startup_level": "res\\level\\lvl_draft_world_map.hsfs"
}
