{
    "level_editor_camera_orientation": [
        -0.13091984391212463,
        -0.4305872619152069,
        -0.8929944634437561
    ],
    "level_editor_camera_pos": [
        -470.3017578125,
        2970.18896484375,
        2592.906005859375
    ],
    "startup_level": "res\\level\\lvl_r2_h_jojo.hsfs"
}
