{
    "level_editor_camera_orientation": [
        -0.2787829637527466,
        -0.2033005803823471,
        -0.9385890960693359
    ],
    "level_editor_camera_pos": [
        -9.328420639038086,
        92.5767593383789,
        -92.36654663085938
    ],
    "startup_level": "C:\\Users\\Timo\\Documents\\Repositories\\DemoEngine\\TestGUI\\res\\level\\lvl_r2_h_jojo.hsfs"
}
