{
    "level_editor_camera_orientation": [
        0.44801920652389526,
        -0.21654339134693146,
        -0.867402195930481
    ],
    "level_editor_camera_pos": [
        314.2178039550781,
        85.15460968017578,
        129.00387573242188
    ],
    "startup_level": "res\\level\\lvl_draft_world_map.hsfs"
}
