{
    "level_editor_camera_orientation": [
        -0.02723929099738598,
        -0.20184782147407532,
        0.9790380597114563
    ],
    "level_editor_camera_pos": [
        -1.4017982482910156,
        24.405433654785156,
        3.513723373413086
    ],
    "startup_level": "res\\level\\lvl_challenge_6.hsfs"
}
