{
    "level_editor_camera_orientation": [
        -0.8996493816375732,
        -0.02966589666903019,
        -0.435604453086853
    ],
    "level_editor_camera_pos": [
        -5.857694625854492,
        19.239974975585938,
        12.201168060302734
    ],
    "startup_level": "res\\level\\lvl_r2_h_jojo.hsfs"
}
