{
    "level_editor_camera_orientation": [
        0.12087667733430862,
        -0.5349669456481934,
        0.8361663222312927
    ],
    "level_editor_camera_pos": [
        -312.1134948730469,
        -70.872802734375,
        -911.9669799804688
    ],
    "startup_level": "res\\level\\lvl_draft_world_map.hsfs"
}
