{
    "level_editor_camera_orientation": [
        -0.6913567781448364,
        -0.22792810201644897,
        0.6856198310852051
    ],
    "level_editor_camera_pos": [
        1792.9639892578125,
        1079.154541015625,
        -669.3179321289063
    ],
    "startup_level": "res\\level\\lvl_draft_1.hsfs"
}
