{
    "level_editor_camera_orientation": [
        0.7537235617637634,
        -0.5357046127319336,
        0.3806784451007843
    ],
    "level_editor_camera_pos": [
        -17.742328643798828,
        35.49292755126953,
        32.0970573425293
    ],
    "startup_level": "C:\\Users\\Tristan\\source\\repos\\DemoEngine\\TestGUI\\res\\level\\lvl_challenge_6.hsfs"
}
