{
    "level_editor_camera_orientation": [
        0.5820826292037964,
        -0.7302107214927673,
        0.35770586133003235
    ],
    "level_editor_camera_pos": [
        -415.89208984375,
        337.1360168457031,
        -148.8196258544922
    ],
    "startup_level": "C:\\Users\\Timo\\Documents\\Repositories\\DemoEngine\\TestGUI\\res\\level\\lvl_r2_h_jojo.hsfs"
}
