{
    "level_editor_camera_orientation": [
        -0.6102576851844788,
        -0.5916168093681335,
        -0.5268526077270508
    ],
    "level_editor_camera_pos": [
        -5.908496856689453,
        21.23070526123047,
        45.95673751831055
    ],
    "startup_level": "C:\\Users\\Tristan\\source\\repos\\DemoEngine\\TestGUI\\res\\level\\lvl_challenge_6.hsfs"
}
