{
    "level_editor_camera_orientation": [
        -0.1419893354177475,
        -0.12870904803276062,
        -0.9814647436141968
    ],
    "level_editor_camera_pos": [
        249.8188018798828,
        125.42754364013672,
        -180.71485900878906
    ],
    "startup_level": "res\\level\\lvl_draft_world_map.hsfs"
}
