{
    "level_editor_camera_orientation": [
        0.9938189387321472,
        0.029665974900126457,
        0.10697668790817261
    ],
    "level_editor_camera_pos": [
        46.609825134277344,
        -6.035470962524414,
        -4.077918529510498
    ],
    "startup_level": "res\\level\\lvl_draft_world_map.hsfs"
}
