{
    "level_editor_camera_orientation": [
        -0.45759323239326477,
        -0.14634206891059875,
        0.8770361542701721
    ],
    "level_editor_camera_pos": [
        283.7952575683594,
        126.38658905029297,
        37.35432434082031
    ],
    "startup_level": "res\\level\\lvl_draft_world_map.hsfs"
}
