{
    "level_editor_camera_orientation": [
        -0.39158201217651367,
        -0.019285663962364197,
        0.9199410676956177
    ],
    "level_editor_camera_pos": [
        -44.14680862426758,
        62.92808532714844,
        -12.717018127441406
    ],
    "startup_level": "C:\\Users\\Timo\\Documents\\Repositories\\DemoEngine\\TestGUI\\res\\level\\lvl_r2_h_jojo.hsfs"
}
