{
    "level_editor_camera_orientation": [
        -0.22409848868846893,
        -0.25646713376045227,
        -0.9402034282684326
    ],
    "level_editor_camera_pos": [
        324.044677734375,
        165.896484375,
        162.67051696777344
    ],
    "startup_level": "res\\level\\lvl_draft_world_map.hsfs"
}
