{
    "level_editor_camera_orientation": [
        -0.8925669193267822,
        -0.15807180106639862,
        0.4223002791404724
    ],
    "level_editor_camera_pos": [
        187.3802947998047,
        22.878833770751953,
        11.604764938354492
    ],
    "startup_level": "res\\level\\lvl_draft_world_map.hsfs"
}
