{
    "level_editor_camera_orientation": [
        0.9573186635971069,
        -0.2887955605983734,
        -0.004387637600302696
    ],
    "level_editor_camera_pos": [
        -118.47423553466797,
        88.47161102294922,
        -50.12421417236328
    ],
    "startup_level": "res\\level\\lvl_draft_world_map.hsfs"
}
