{
    "level_editor_camera_orientation": [
        -0.9428355097770691,
        -0.33323177695274353,
        -0.004225611686706543
    ],
    "level_editor_camera_pos": [
        343.7835388183594,
        128.34890747070313,
        49.08320236206055
    ],
    "startup_level": "res\\level\\lvl_draft_world_map.hsfs"
}
