{
    "level_editor_camera_orientation": [
        0.7847819924354553,
        -0.5154120326042175,
        0.34419143199920654
    ],
    "level_editor_camera_pos": [
        -34.658653259277344,
        25.812360763549805,
        -138.74798583984375
    ],
    "startup_level": "res\\level\\lvl_r2_h_jojo.hsfs"
}
