{
    "level_editor_camera_orientation": [
        0.7749361395835876,
        -0.6074724197387695,
        0.17442971467971802
    ],
    "level_editor_camera_pos": [
        116.10359954833984,
        300.52471923828125,
        -160.83184814453125
    ],
    "startup_level": "res\\level\\lvl_draft_world_map.hsfs"
}
