{
    "level_editor_camera_orientation": [
        0.887435793876648,
        -0.2558165192604065,
        -0.3834139108657837
    ],
    "level_editor_camera_pos": [
        -191.42466735839844,
        192.38221740722656,
        -80.2406234741211
    ],
    "startup_level": "C:\\Users\\Timo\\Documents\\Repositories\\DemoEngine\\TestGUI\\res\\level\\lvl_r2_h_jojo.hsfs"
}
