{
    "level_editor_camera_orientation": [
        0.4812648892402649,
        -0.2533431649208069,
        -0.8391664624214172
    ],
    "level_editor_camera_pos": [
        -7.704215049743652,
        6.985061168670654,
        15.9591064453125
    ],
    "startup_level": "res\\level\\lvl_r2_h_jojo.hsfs"
}
