{
    "level_editor_camera_orientation": [
        -0.06839527189731598,
        -0.9089816808700562,
        -0.4111865758895874
    ],
    "level_editor_camera_pos": [
        229.969970703125,
        1048.2197265625,
        187.05902099609375
    ],
    "startup_level": "res\\level\\lvl_draft_world_map.hsfs"
}
