{
    "level_editor_camera_orientation": [
        0.5637401342391968,
        -0.31498661637306213,
        -0.7635315656661987
    ],
    "level_editor_camera_pos": [
        -16.91220474243164,
        19.799598693847656,
        22.905948638916016
    ],
    "startup_level": "res\\level\\lvl_draft_1.hsfs"
}
