{
    "level_editor_camera_orientation": [
        0.2521744668483734,
        -0.15352605283260345,
        -0.9553860425949097
    ],
    "level_editor_camera_pos": [
        -5.82749080657959,
        6.588218688964844,
        22.16695213317871
    ],
    "startup_level": "res\\level\\lvl_r2_h_jojo.hsfs"
}
