{
    "level_editor_camera_orientation": [
        0.2232283055782318,
        -0.21911950409412384,
        -0.9498056769371033
    ],
    "level_editor_camera_pos": [
        6125.92578125,
        1332.9522705078125,
        -8503.13671875
    ],
    "startup_level": "res\\level\\lvl_r2_h_jojo.hsfs"
}
