{
    "level_editor_camera_orientation": [
        0.7182766199111938,
        0.6489173173904419,
        -0.2509678602218628
    ],
    "level_editor_camera_pos": [
        42.39118576049805,
        4.725257873535156,
        -0.151214599609375
    ],
    "startup_level": "res\\level\\lvl_draft_world_map.hsfs"
}
