{
    "level_editor_camera_orientation": [
        0.6330528259277344,
        -0.3391944169998169,
        0.6958205103874207
    ],
    "level_editor_camera_pos": [
        -38.132164001464844,
        98.76012420654297,
        -146.90318298339844
    ],
    "startup_level": "res\\level\\lvl_r2_h_jojo.hsfs"
}
