{
    "level_editor_camera_orientation": [
        0.7316038012504578,
        -0.19666656851768494,
        -0.6527445316314697
    ],
    "level_editor_camera_pos": [
        -13.500508308410645,
        6.4939961433410645,
        15.444550514221191
    ],
    "startup_level": "res\\level\\lvl_r2_h_jojo.hsfs"
}
