{
    "level_editor_camera_orientation": [
        -0.17075377702713013,
        -0.06921736150979996,
        -0.9828726649284363
    ],
    "level_editor_camera_pos": [
        -9.609512329101563,
        88.048828125,
        -71.79716491699219
    ],
    "startup_level": "res\\level\\lvl_r2_h_jojo.hsfs"
}
