{
    "level_editor_camera_orientation": [
        -0.12133599817752838,
        0.11398419737815857,
        0.986045241355896
    ],
    "level_editor_camera_pos": [
        -56.86962890625,
        60.19862365722656,
        3.6228275299072266
    ],
    "startup_level": "res\\level\\lvl_r2_h_jojo.hsfs"
}
