{
    "level_editor_camera_orientation": [
        -0.911044716835022,
        -0.36243805289268494,
        -0.19656121730804443
    ],
    "level_editor_camera_pos": [
        73.42864990234375,
        20.821348190307617,
        2.8035221099853516
    ],
    "startup_level": "res\\level\\lvl_draft_world_map.hsfs"
}
