{
    "level_editor_camera_orientation": [
        0.7983754277229309,
        -0.42405155301094055,
        0.427514910697937
    ],
    "level_editor_camera_pos": [
        -142.03147888183594,
        163.03773498535156,
        -154.1095733642578
    ],
    "startup_level": "res\\level\\lvl_r2_h_jojo.hsfs"
}
