{
    "level_editor_camera_orientation": [
        -0.5969141125679016,
        -0.22731336951255798,
        -0.7694272994995117
    ],
    "level_editor_camera_pos": [
        109.37358856201172,
        68.21086120605469,
        151.33425903320313
    ],
    "startup_level": "C:\\Users\\Timo\\Documents\\Repositories\\DemoEngine\\TestGUI\\res\\level\\lvl_r2_h_jojo.hsfs"
}
