{
    "level_editor_camera_orientation": [
        0.03519582003355026,
        -0.2850324213504791,
        0.9578714966773987
    ],
    "level_editor_camera_pos": [
        -0.4678157866001129,
        14.138593673706055,
        -12.73183536529541
    ],
    "startup_level": "C:\\Users\\Timo\\Documents\\Repositories\\DemoEngine\\TestGUI\\res\\level\\lvl_r2_h_jojo.hsfs"
}
