{
    "level_editor_camera_orientation": [
        0.36764779686927795,
        -0.30454832315444946,
        -0.8786839246749878
    ],
    "level_editor_camera_pos": [
        -4.132358074188232,
        4.923120498657227,
        9.876399993896484
    ],
    "startup_level": "res\\level\\lvl_r2_h_jojo.hsfs"
}
