{
    "level_editor_camera_orientation": [
        -0.5203486680984497,
        -0.21800924837589264,
        -0.8255903124809265
    ],
    "level_editor_camera_pos": [
        12.094493865966797,
        160.72084045410156,
        357.1506652832031
    ],
    "startup_level": "res\\level\\lvl_r2_h_jojo.hsfs"
}
