{
    "level_editor_camera_orientation": [
        0.010680492967367172,
        -0.14780877530574799,
        -0.9889582395553589
    ],
    "level_editor_camera_pos": [
        -547.7868041992188,
        747.9169921875,
        -33.209373474121094
    ],
    "startup_level": "res\\level\\lvl_draft_1.hsfs"
}
