{
    "level_editor_camera_orientation": [
        0.3260064125061035,
        -0.2047523558139801,
        -0.9229282140731812
    ],
    "level_editor_camera_pos": [
        248.66908264160156,
        99.1133804321289,
        71.47447967529297
    ],
    "startup_level": "res\\level\\lvl_draft_world_map.hsfs"
}
