{
    "level_editor_camera_orientation": [
        -0.5087364315986633,
        -0.6489269733428955,
        0.5657423138618469
    ],
    "level_editor_camera_pos": [
        -39.554962158203125,
        70.9599838256836,
        4.593108654022217
    ],
    "startup_level": "C:\\Users\\Timo\\Documents\\Repositories\\DemoEngine\\TestGUI\\res\\level\\lvl_r2_h_jojo.hsfs"
}
