{
    "level_editor_camera_orientation": [
        -0.4829442501068115,
        -0.30087223649024963,
        0.8223385810852051
    ],
    "level_editor_camera_pos": [
        -43.50117111206055,
        71.37567901611328,
        -9.048052787780762
    ],
    "startup_level": "C:\\Users\\Timo\\Documents\\Repositories\\DemoEngine\\TestGUI\\res\\level\\lvl_r2_h_jojo.hsfs"
}
