{
    "level_editor_camera_orientation": [
        0.3798457384109497,
        -0.17761698365211487,
        -0.9078373312950134
    ],
    "level_editor_camera_pos": [
        -4.132358074188232,
        4.923120498657227,
        9.876399993896484
    ],
    "startup_level": "res\\level\\lvl_draft_world_map.hsfs"
}
