{
    "level_editor_camera_orientation": [
        0.6727777719497681,
        -0.5517911911010742,
        0.49284523725509644
    ],
    "level_editor_camera_pos": [
        60.51726531982422,
        11.142022132873535,
        -17.509235382080078
    ],
    "startup_level": "res\\level\\lvl_draft_world_map.hsfs"
}
