{
    "level_editor_camera_orientation": [
        0.9394914507865906,
        0.11398357152938843,
        -0.3230534791946411
    ],
    "level_editor_camera_pos": [
        81.68428802490234,
        -1755.6619873046875,
        -38.163063049316406
    ],
    "startup_level": "res\\level\\lvl_r2_h_jojo.hsfs"
}
