{
    "level_editor_camera_orientation": [
        -0.7871630787849426,
        -0.32482481002807617,
        0.5242739915847778
    ],
    "level_editor_camera_pos": [
        -37.201358795166016,
        20.856754302978516,
        0.5526766777038574
    ],
    "startup_level": "res\\level\\lvl_r2_h_jojo.hsfs"
}
