{
    "level_editor_camera_orientation": [
        0.08433862030506134,
        -0.5931469202041626,
        -0.8006580471992493
    ],
    "level_editor_camera_pos": [
        -28.88694953918457,
        108.0238037109375,
        175.5879669189453
    ],
    "startup_level": "C:\\Users\\Tristan\\source\\repos\\DemoEngine\\TestGUI\\res\\level\\lvl_challenge_6.hsfs"
}
