{
    "level_editor_camera_orientation": [
        0.9200636148452759,
        -0.09921466559171677,
        -0.37899377942085266
    ],
    "level_editor_camera_pos": [
        -13.51036262512207,
        4.798847675323486,
        8.607646942138672
    ],
    "startup_level": "res\\level\\lvl_r2_h_jojo.hsfs"
}
