{
    "level_editor_camera_orientation": [
        0.3706032335758209,
        0.021000906825065613,
        -0.9284959435462952
    ],
    "level_editor_camera_pos": [
        -4.090926170349121,
        3.6048152446746826,
        10.348187446594238
    ],
    "startup_level": "res\\level\\lvl_r2_h_jojo.hsfs"
}
