{
    "level_editor_camera_orientation": [
        0.09733359515666962,
        0.09524977952241898,
        -0.9906833171844482
    ],
    "level_editor_camera_pos": [
        2.40356707572937,
        7.492506980895996,
        -109.6199951171875
    ],
    "startup_level": "res\\level\\lvl_r2_h_jojo.hsfs"
}
