{
    "level_editor_camera_orientation": [
        0.9134836792945862,
        -0.24869254231452942,
        -0.3220135569572449
    ],
    "level_editor_camera_pos": [
        -81.87608337402344,
        174.52728271484375,
        190.9241485595703
    ],
    "startup_level": "res\\level\\lvl_draft_world_map.hsfs"
}
