{
    "level_editor_camera_orientation": [
        0.9161056876182556,
        -0.2724475860595703,
        -0.2941473722457886
    ],
    "level_editor_camera_pos": [
        -43.51277160644531,
        94.52342224121094,
        -97.68205261230469
    ],
    "startup_level": "res\\level\\lvl_r2_h_jojo.hsfs"
}
