{
    "level_editor_camera_orientation": [
        0.02487196959555149,
        -0.012635053135454655,
        0.9996100068092346
    ],
    "level_editor_camera_pos": [
        309.3910827636719,
        124.95915985107422,
        -154.90029907226563
    ],
    "startup_level": "res\\level\\lvl_draft_world_map.hsfs"
}
