{
    "level_editor_camera_orientation": [
        0.25881054997444153,
        -0.13753053545951843,
        -0.9560869932174683
    ],
    "level_editor_camera_pos": [
        135.8661346435547,
        14.161659240722656,
        65.9699478149414
    ],
    "startup_level": "res\\level\\lvl_draft_world_map.hsfs"
}
