{
    "level_editor_camera_orientation": [
        -0.5331712961196899,
        -0.10366009175777435,
        -0.8396326303482056
    ],
    "level_editor_camera_pos": [
        -25.23089027404785,
        21.459800720214844,
        30.126779556274414
    ],
    "startup_level": "res\\level\\lvl_r2_h_jojo.hsfs"
}
