{
    "level_editor_camera_orientation": [
        -0.7526590824127197,
        -0.2799884080886841,
        0.5959091186523438
    ],
    "level_editor_camera_pos": [
        95.42552185058594,
        38.98712158203125,
        -48.65752029418945
    ],
    "startup_level": "C:\\Users\\Timo\\Documents\\Repositories\\DemoEngine\\TestGUI\\res\\level\\lvl_r2_h_jojo.hsfs"
}
