{
    "level_editor_camera_orientation": [
        -0.4905858039855957,
        0.8572059869766235,
        -0.15624938905239105
    ],
    "level_editor_camera_pos": [
        153.09922790527344,
        -1769.1748046875,
        1978.3994140625
    ],
    "startup_level": "res\\level\\lvl_draft_world_map.hsfs"
}
