{
    "level_editor_camera_orientation": [
        -0.9224345088005066,
        -0.2524070739746094,
        -0.2922416925430298
    ],
    "level_editor_camera_pos": [
        8.0277681350708,
        12.546649932861328,
        2.543323516845703
    ],
    "startup_level": "res\\level\\lvl_challenge_6.hsfs"
}
