{
    "level_editor_camera_orientation": [
        -0.9615303874015808,
        -0.25527670979499817,
        0.10145407915115356
    ],
    "level_editor_camera_pos": [
        191.1818389892578,
        -21.236968994140625,
        22.467573165893555
    ],
    "startup_level": "res\\level\\lvl_draft_world_map.hsfs"
}
