{
    "level_editor_camera_orientation": [
        -0.04842201992869377,
        -0.24786317348480225,
        -0.9675642251968384
    ],
    "level_editor_camera_pos": [
        -26.259912490844727,
        175.59255981445313,
        95.5249252319336
    ],
    "startup_level": "C:\\Users\\Timo\\Documents\\Repositories\\DemoEngine\\TestGUI\\res\\level\\lvl_r2_h_jojo.hsfs"
}
