{
    "level_editor_camera_orientation": [
        -0.5821695923805237,
        -0.20384415984153748,
        -0.7870660424232483
    ],
    "level_editor_camera_pos": [
        354.74371337890625,
        146.30245971679688,
        94.04165649414063
    ],
    "startup_level": "res\\level\\lvl_draft_world_map.hsfs"
}
