{
    "level_editor_camera_orientation": [
        0.8410520553588867,
        -0.08150345087051392,
        -0.5347790718078613
    ],
    "level_editor_camera_pos": [
        97.30799102783203,
        35.244388580322266,
        -38.74660110473633
    ],
    "startup_level": "res\\level\\lvl_draft_world_map.hsfs"
}
