{
    "level_editor_camera_orientation": [
        -0.0979238897562027,
        -0.3322340250015259,
        -0.9380968809127808
    ],
    "level_editor_camera_pos": [
        6.393558025360107,
        163.02760314941406,
        132.60296630859375
    ],
    "startup_level": "C:\\Users\\Timo\\Documents\\Repositories\\DemoEngine\\TestGUI\\res\\level\\lvl_r2_h_jojo.hsfs"
}
