{
    "level_editor_camera_orientation": [
        -0.7737041711807251,
        -0.28242599964141846,
        -0.5671131610870361
    ],
    "level_editor_camera_pos": [
        345.85400390625,
        130.09002685546875,
        -100.74970245361328
    ],
    "startup_level": "res\\level\\lvl_draft_world_map.hsfs"
}
