{
    "level_editor_camera_orientation": [
        -0.23140746355056763,
        -0.728072464466095,
        -0.6452386975288391
    ],
    "level_editor_camera_pos": [
        311.1282043457031,
        305.7843933105469,
        -49.748435974121094
    ],
    "startup_level": "res\\level\\lvl_draft_world_map.hsfs"
}
