{
    "level_editor_camera_orientation": [
        -0.6521443128585815,
        -0.18477582931518555,
        -0.7351968884468079
    ],
    "level_editor_camera_pos": [
        9.38919448852539,
        6.510228157043457,
        10.956892013549805
    ],
    "startup_level": "res\\level\\lvl_r2_h_jojo.hsfs"
}
