{
    "level_editor_camera_orientation": [
        -0.8995469808578491,
        0.2527060806751251,
        0.3562048077583313
    ],
    "level_editor_camera_pos": [
        -966.7771606445313,
        -724.6376342773438,
        -9.199639320373535
    ],
    "startup_level": "C:\\Users\\Timothy\\source\\repos\\DemoEngine\\TestGUI\\res\\level\\lvl_r2_h_jojo.hsfs"
}
