{
    "level_editor_camera_orientation": [
        0.016183441504836082,
        -0.054862990975379944,
        -0.9983627796173096
    ],
    "level_editor_camera_pos": [
        316.3775939941406,
        122.9099349975586,
        11.98056411743164
    ],
    "startup_level": "res\\level\\lvl_draft_world_map.hsfs"
}
