{
    "level_editor_camera_orientation": [
        -0.9136872291564941,
        -0.32903194427490234,
        0.2385661005973816
    ],
    "level_editor_camera_pos": [
        20.58670997619629,
        17.763572692871094,
        -5.375246047973633
    ],
    "startup_level": "res\\level\\lvl_r2_h_jojo.hsfs"
}
