{
    "level_editor_camera_orientation": [
        -0.5694573521614075,
        -0.2072475254535675,
        -0.7954283952713013
    ],
    "level_editor_camera_pos": [
        770.6328735351563,
        145.14923095703125,
        1467.948974609375
    ],
    "startup_level": "C:\\Users\\Timo\\Documents\\Repositories\\DemoEngine\\TestGUI\\res\\level\\lvl_r2_h_jojo.hsfs"
}
