{
    "level_editor_camera_orientation": [
        0.7806201577186584,
        -0.1689956933259964,
        -0.6017201542854309
    ],
    "level_editor_camera_pos": [
        -36.03348159790039,
        96.91661834716797,
        -92.51002502441406
    ],
    "startup_level": "C:\\Users\\Timo\\Documents\\Repositories\\DemoEngine\\TestGUI\\res\\level\\lvl_r2_h_jojo.hsfs"
}
