{
    "level_editor_camera_orientation": [
        -0.5922638773918152,
        0.01928633637726307,
        -0.8055132627487183
    ],
    "level_editor_camera_pos": [
        148.71058654785156,
        7.056647300720215,
        32.518646240234375
    ],
    "startup_level": "res\\level\\lvl_draft_world_map.hsfs"
}
