{
    "level_editor_camera_orientation": [
        -0.9157297015190125,
        -0.1301802694797516,
        -0.3801215887069702
    ],
    "level_editor_camera_pos": [
        -20.38786506652832,
        36.450626373291016,
        12.444458961486816
    ],
    "startup_level": "C:\\Users\\Timo\\Documents\\Repositories\\DemoEngine\\TestGUI\\res\\level\\lvl_r2_h_jojo.hsfs"
}
