{
    "level_editor_camera_orientation": [
        0.013217770494520664,
        -0.17708495259284973,
        0.9841067790985107
    ],
    "level_editor_camera_pos": [
        -62.340431213378906,
        47.66255187988281,
        -27.15454864501953
    ],
    "startup_level": "C:\\Users\\Timo\\Documents\\Repositories\\DemoEngine\\TestGUI\\res\\level\\lvl_r2_h_jojo.hsfs"
}
