{
    "level_editor_camera_orientation": [
        0.3086438477039337,
        -0.3803442418575287,
        -0.8718240261077881
    ],
    "level_editor_camera_pos": [
        -25.712860107421875,
        97.76033020019531,
        -35.37922286987305
    ],
    "startup_level": "C:\\Users\\Timo\\Documents\\Repositories\\DemoEngine\\TestGUI\\res\\level\\lvl_r2_h_jojo.hsfs"
}
