{
    "level_editor_camera_orientation": [
        0.39991214871406555,
        -0.41413676738739014,
        -0.817637026309967
    ],
    "level_editor_camera_pos": [
        -95.63066864013672,
        164.71511840820313,
        316.2189636230469
    ],
    "startup_level": "C:\\Users\\Timo\\Documents\\Repositories\\DemoEngine\\TestGUI\\res\\level\\lvl_r2_h_jojo.hsfs"
}
