{
    "level_editor_camera_orientation": [
        0.8375475406646729,
        -0.274005651473999,
        0.4726851284503937
    ],
    "level_editor_camera_pos": [
        -327.966796875,
        191.83572387695313,
        -214.11607360839844
    ],
    "startup_level": "res\\level\\lvl_r2_h_jojo.hsfs"
}
