{
    "level_editor_camera_orientation": [
        0.9969103336334229,
        0.0785459578037262,
        -0.0006731748580932617
    ],
    "level_editor_camera_pos": [
        84.69622802734375,
        -1164.8426513671875,
        52.23341369628906
    ],
    "startup_level": "res\\level\\lvl_draft_world_map.hsfs"
}
