{
    "level_editor_camera_orientation": [
        0.5365078449249268,
        -0.1377241462469101,
        -0.8325806856155396
    ],
    "level_editor_camera_pos": [
        -4.132358074188232,
        4.923120498657227,
        9.876399993896484
    ],
    "startup_level": "res\\level\\lvl_r2_h_jojo.hsfs"
}
