{
    "level_editor_camera_orientation": [
        0.7817263007164001,
        -0.2953420877456665,
        -0.548882782459259
    ],
    "level_editor_camera_pos": [
        -175.63092041015625,
        193.22569274902344,
        44.79629135131836
    ],
    "startup_level": "C:\\Users\\Timo\\Documents\\Repositories\\DemoEngine\\TestGUI\\res\\level\\lvl_r2_h_jojo.hsfs"
}
