{
    "level_editor_camera_orientation": [
        0.6915309429168701,
        -0.4623677730560303,
        0.5549783706665039
    ],
    "level_editor_camera_pos": [
        -83.65606689453125,
        76.22054290771484,
        -5.157309532165527
    ],
    "startup_level": "res\\level\\lvl_r2_h_jojo.hsfs"
}
