{
    "level_editor_camera_orientation": [
        0.568202793598175,
        -0.3953855335712433,
        0.7216757535934448
    ],
    "level_editor_camera_pos": [
        -107.97489929199219,
        142.21157836914063,
        -91.23188781738281
    ],
    "startup_level": "res\\level\\lvl_r2_h_jojo.hsfs"
}
