{
    "level_editor_camera_orientation": [
        -0.9975096583366394,
        0.01928495615720749,
        -0.06784200668334961
    ],
    "level_editor_camera_pos": [
        314.2178039550781,
        85.15460968017578,
        129.00387573242188
    ],
    "startup_level": "res\\level\\lvl_draft_world_map.hsfs"
}
