{
    "level_editor_camera_orientation": [
        0.0443989597260952,
        -0.31075984239578247,
        0.9494509100914001
    ],
    "level_editor_camera_pos": [
        225.65968322753906,
        24.94406509399414,
        -0.0006961822509765625
    ],
    "startup_level": "res\\level\\lvl_draft_world_map.hsfs"
}
