{
    "level_editor_camera_orientation": [
        0.9704354405403137,
        0.23020517826080322,
        -0.07241547107696533
    ],
    "level_editor_camera_pos": [
        1076.8616943359375,
        -1731.763427734375,
        1695.4798583984375
    ],
    "startup_level": "res\\level\\lvl_r2_h_jojo.hsfs"
}
