{
    "level_editor_camera_orientation": [
        -0.10281854122877121,
        -0.22030925750732422,
        0.9699916839599609
    ],
    "level_editor_camera_pos": [
        -24.601762771606445,
        196.15158081054688,
        -366.06463623046875
    ],
    "startup_level": "res\\level\\lvl_r2_h_jojo.hsfs"
}
